<?xml version="1.0"?>
<!DOCTYPE hibernate-mapping PUBLIC "-//Hibernate/Hibernate Mapping DTD 3.0//EN"
"http://www.hibernate.org/dtd/hibernate-mapping-3.0.dtd">
<!-- Generated 18 Nov, 2018 2:18:31 PM by Hibernate Tools 4.3.1 -->
<hibernate-mapping>
    <class name="POJO.Admin" table="admin" catalog="mitesh_electronics" optimistic-lock="version">
        <id name="username" type="string">
            <column name="username" length="45" />
            <generator class="assigned" />
        </id>
        <property name="password" type="string">
            <column name="password" length="45" not-null="true" />
        </property>
    </class>
</hibernate-mapping>
