<?xml version="1.0"?>
<!DOCTYPE hibernate-mapping PUBLIC "-//Hibernate/Hibernate Mapping DTD 3.0//EN"
"http://www.hibernate.org/dtd/hibernate-mapping-3.0.dtd">
<!-- Generated 18 Nov, 2018 2:18:31 PM by Hibernate Tools 4.3.1 -->
<hibernate-mapping>
    <class name="POJO.BrandMaster" table="brand_master" catalog="mitesh_electronics" optimistic-lock="version">
        <id name="brandId" type="java.lang.Integer">
            <column name="brand_id" />
            <generator class="identity" />
        </id>
        <property name="brandName" type="string">
            <column name="brand_name" length="45" not-null="true" />
        </property>
        <set name="productMasters" table="product_master" inverse="true" lazy="true" fetch="select">
            <key>
                <column name="brand_id" not-null="true" />
            </key>
            <one-to-many class="POJO.ProductMaster" />
        </set>
    </class>
</hibernate-mapping>
