<?xml version="1.0"?>
<!DOCTYPE hibernate-mapping PUBLIC "-//Hibernate/Hibernate Mapping DTD 3.0//EN"
"http://www.hibernate.org/dtd/hibernate-mapping-3.0.dtd">
<!-- Generated 18 Nov, 2018 2:18:31 PM by Hibernate Tools 4.3.1 -->
<hibernate-mapping>
    <class name="POJO.CustomerMaster" table="customer_master" catalog="mitesh_electronics" optimistic-lock="version">
        <id name="customerId" type="java.lang.Integer">
            <column name="customer_id" />
            <generator class="identity" />
        </id>
        <property name="firstName" type="string">
            <column name="first_name" not-null="true" />
        </property>
        <property name="lastName" type="string">
            <column name="last_name" not-null="true" />
        </property>
        <property name="contactNo" type="string">
            <column name="contact_no" length="10" not-null="true" />
        </property>
        <property name="email" type="string">
            <column name="email" length="45" not-null="true" />
        </property>
        <property name="password" type="string">
            <column name="password" length="45" not-null="true" />
        </property>
        <property name="addressLine1" type="string">
            <column name="address_line1" not-null="true" />
        </property>
        <property name="addressLine2" type="string">
            <column name="address_line_2" />
        </property>
        <property name="addressLine3" type="string">
            <column name="address_line_3" />
        </property>
        <property name="pincode" type="java.lang.Long">
            <column name="pincode" />
        </property>
        <property name="confirmPass" type="string">
            <column name="confirm_pass" length="45" />
        </property>
        <set name="orderMasters" table="order_master" inverse="true" lazy="true" fetch="select">
            <key>
                <column name="customer_id" not-null="true" />
            </key>
            <one-to-many class="POJO.OrderMaster" />
        </set>
    </class>
</hibernate-mapping>
