<?xml version="1.0"?>
<!DOCTYPE hibernate-mapping PUBLIC "-//Hibernate/Hibernate Mapping DTD 3.0//EN"
"http://www.hibernate.org/dtd/hibernate-mapping-3.0.dtd">
<!-- Generated 18 Nov, 2018 2:18:31 PM by Hibernate Tools 4.3.1 -->
<hibernate-mapping>
    <class name="POJO.OrderDetail" table="order_detail" catalog="mitesh_electronics" optimistic-lock="version">
        <id name="orderId" type="int">
            <column name="order_id" />
            <generator class="foreign">
                <param name="property">orderMaster</param>
            </generator>
        </id>
        <one-to-one name="orderMaster" class="POJO.OrderMaster" constrained="true"></one-to-one>
        <many-to-one name="productMaster" class="POJO.ProductMaster" fetch="select">
            <column name="product_id" not-null="true" />
        </many-to-one>
        <property name="quantity" type="int">
            <column name="quantity" not-null="true" />
        </property>
    </class>
</hibernate-mapping>
