<?xml version="1.0"?>
<!DOCTYPE hibernate-mapping PUBLIC "-//Hibernate/Hibernate Mapping DTD 3.0//EN"
"http://www.hibernate.org/dtd/hibernate-mapping-3.0.dtd">
<!-- Generated 18 Nov, 2018 2:18:31 PM by Hibernate Tools 4.3.1 -->
<hibernate-mapping>
    <class name="POJO.OrderMaster" table="order_master" catalog="mitesh_electronics" optimistic-lock="version">
        <id name="orderId" type="java.lang.Integer">
            <column name="order_id" />
            <generator class="identity" />
        </id>
        <many-to-one name="customerMaster" class="POJO.CustomerMaster" fetch="select">
            <column name="customer_id" not-null="true" />
        </many-to-one>
        <property name="dateTime" type="timestamp">
            <column name="date_time" length="26" not-null="true" />
        </property>
        <one-to-one name="orderDetail" class="POJO.OrderDetail"></one-to-one>
    </class>
</hibernate-mapping>
