<?xml version="1.0"?>
<!DOCTYPE hibernate-mapping PUBLIC "-//Hibernate/Hibernate Mapping DTD 3.0//EN"
"http://www.hibernate.org/dtd/hibernate-mapping-3.0.dtd">
<!-- Generated 18 Nov, 2018 2:18:31 PM by Hibernate Tools 4.3.1 -->
<hibernate-mapping>
    <class name="POJO.ProductMaster" table="product_master" catalog="mitesh_electronics" optimistic-lock="version">
        <id name="productId" type="int">
            <column name="product_id" />
            <generator class="assigned" />
        </id>
        <many-to-one name="brandMaster" class="POJO.BrandMaster" fetch="select">
            <column name="brand_id" not-null="true" />
        </many-to-one>
        <many-to-one name="categoryMaster" class="POJO.CategoryMaster" fetch="select">
            <column name="category_id" not-null="true" />
        </many-to-one>
        <many-to-one name="subCategoryMaster" class="POJO.SubCategoryMaster" fetch="select">
            <column name="sub_category_id" not-null="true" />
        </many-to-one>
        <property name="productName" type="string">
            <column name="product_name" not-null="true" />
        </property>
        <property name="imageName" type="string">
            <column name="image_name" not-null="true" />
        </property>
        <property name="description" type="string">
            <column name="description" not-null="true" />
        </property>
        <property name="inStock" type="int">
            <column name="in_stock" not-null="true" />
        </property>
        <property name="categoryDiscount" type="double">
            <column name="category_discount" precision="22" scale="0" not-null="true" />
        </property>
        <property name="brandDiscount" type="double">
            <column name="brand_discount" precision="22" scale="0" not-null="true" />
        </property>
        <set name="orderDetails" table="order_detail" inverse="true" lazy="true" fetch="select">
            <key>
                <column name="product_id" not-null="true" />
            </key>
            <one-to-many class="POJO.OrderDetail" />
        </set>
    </class>
</hibernate-mapping>
